game,team_1,team_2,team1_m1,team1_m2
QF1,ENG,AUS,0.5013333333333333,0.6373333333333333
QF2,NZL,SCO,0.85,0.9266666666666666
QF3,WAL,FRA,0.28933333333333333,0.7106666666666667
QF4,IRE,RSA,0.31533333333333335,0.496
SF1,ENG,NZL,0.23933333333333334,0.20866666666666667
SF2,WAL,RSA,0.212,0.37666666666666665
F,NZL,RSA,0.688,0.7013333333333334
BF,ENG,WAL,0.7246666666666667,0.6253333333333333
