game,team_1,team_2,team1_m1,team1_m2
QF1,ENG,AUS,0.5213333333333333,0.6626666666666666
QF2,NZL,IRE,0.7166666666666667,0.6953333333333334
QF3,WAL,FRA,0.30466666666666664,0.7126666666666667
QF4,JPN,RSA,0.07666666666666666,0.09533333333333334
SF1,ENG,NZL,0.2713333333333333,0.18333333333333332
SF2,WAL,RSA,0.246,0.36466666666666664
F,NZL,RSA,0.7026666666666667,0.75
BF,ENG,WAL,0.7066666666666667,0.63
