game,team_1,team_2,team1_m1,team1_m2
QF1,ENG,AUS,0.5013333333333333,0.6373333333333333
QF2,NZL,IRE,0.7033333333333334,0.6613333333333333
QF3,WAL,FRA,0.28933333333333333,0.7106666666666667
QF4,JPN,RSA,0.042,0.09133333333333334
SF1,ENG,NZL,0.23933333333333334,0.20866666666666667
SF2,WAL,RSA,0.212,0.37666666666666665
BF,NZL,WAL,0.7746666666666666,0.7846666666666666
F,ENG,RSA,0.478,0.4653333333333333
